payment_id,order_id,payment_date,amount,currency,status,payment_method
1,62,2026-03-02,233.28,EUR,Refunded,Paypal
2,21,2026-03-03,54.87,EUR,Paid,Card
3,2,2026-03-04,649.48,USD,Refunded,Card
4,8,2026-03-05,223.8,EUR,Failed,Card
5,104,2026-03-06,264.02,EUR,Paid,Paypal
6,15,2026-03-07,546.38,USD,Refunded,Cash
7,199,2026-03-08,639.05,EUR,Failed,Cash
8,119,2026-03-09,790.38,EUR,Failed,Card
9,15,2026-03-10,30.34,USD,Failed,Cash
10,24,2026-03-11,495.03,USD,Refunded,Card
11,92,2026-03-12,133.39,EUR,Paid,Cash
12,59,2026-03-13,344.35,EUR,Failed,Paypal
13,199,2026-03-14,498.75,EUR,Paid,Paypal
14,93,2026-03-15,254.31,EUR,Failed,Paypal
15,65,2026-03-16,428.41,USD,Refunded,Card
16,39,2026-03-17,450.92,EUR,Failed,Paypal
17,160,2026-03-18,190.25,EUR,Paid,Card
18,67,2026-03-19,106.56,EUR,Refunded,Paypal
19,223,2026-03-20,298.83,EUR,Refunded,Paypal
20,90,2026-03-21,685.99,EUR,Paid,Paypal
21,163,2026-03-22,201.64,EUR,Refunded,Cash
22,55,2026-03-23,721.81,EUR,Paid,Cash
23,169,2026-03-24,633.96,EUR,Paid,Paypal
25,169,2026-03-26,455.72,EUR,Paid,Paypal
26,6,2026-03-27,689.66,EUR,Failed,Cash
28,77,2026-03-01,267.58,EUR,Failed,Cash
29,221,2026-03-02,181.12,EUR,Paid,Cash
30,73,2026-03-03,763.87,EUR,Failed,Card
31,42,2026-03-04,271.91,EUR,Refunded,Cash
32,149,2026-03-05,549.39,EUR,Refunded,Card
33,12,2026-03-06,707.46,EUR,Failed,Cash
34,176,2026-03-07,154.01,EUR,Failed,Card
35,35,2026-03-08,645.97,EUR,Paid,Cash
36,193,2026-03-09,129.13,USD,Paid,Card
37,107,2026-03-10,376.94,EUR,Paid,Cash
38,230,2026-03-11,517.31,EUR,Failed,Card
39,10,2026-03-12,472.37,EUR,Paid,Card
40,179,2026-03-13,408.78,EUR,Paid,Card
41,17,2026-03-14,585.52,EUR,Failed,Card
42,135,2026-03-15,105.17,EUR,Refunded,Cash
43,163,2026-03-16,12.03,EUR,Refunded,Paypal
44,215,2026-03-17,440.96,EUR,Failed,Cash
45,56,2026-03-18,766.22,EUR,Failed,Card
46,4,2026-03-19,587.8,USD,Refunded,Cash
47,131,2026-03-20,222.51,EUR,Refunded,Card
49,141,2026-03-22,553.63,EUR,Failed,Cash
50,109,2026-03-23,555.33,USD,Paid,Cash
51,100,2026-03-24,436.6,EUR,Refunded,Cash
52,62,2026-03-25,706.53,EUR,Paid,Paypal
53,62,2026-03-26,405.83,USD,Paid,Card
54,141,2026-03-28,330.6,USD,Paid,Paypal
56,192,2026-03-01,259.34,EUR,Paid,Paypal
57,61,2026-03-02,684.24,USD,Paid,Paypal
58,183,2026-03-03,635.18,EUR,Failed,Card
59,19,2026-03-04,320.88,USD,Failed,Paypal
60,68,2026-03-05,639.88,EUR,Failed,Cash
61,147,2026-03-06,687.59,USD,Paid,Card
62,135,2026-03-07,799.53,EUR,Failed,Card
63,173,2026-03-08,426.7,USD,Refunded,Card
64,164,2026-03-09,130.44,EUR,Refunded,Paypal
65,98,2026-03-10,695.55,EUR,Failed,Cash
66,105,2026-03-11,667.38,EUR,Paid,Card
67,94,2026-03-12,565.07,EUR,Paid,Cash
68,170,2026-03-13,533.77,USD,Paid,Card
69,178,2026-03-14,227.26,USD,Paid,Card
70,195,2026-03-15,364.96,EUR,Refunded,Paypal
71,126,2026-03-16,128.41,EUR,Failed,Paypal
73,147,2026-03-18,209.76,EUR,Paid,Cash
74,184,2026-03-19,55.61,EUR,Failed,Paypal
75,62,2026-03-20,226.93,USD,Failed,Cash
76,220,2026-03-21,668.97,EUR,Paid,Card
77,159,2026-03-22,169.33,EUR,Failed,Cash
78,94,2026-03-23,737.21,EUR,Paid,Card
79,111,2026-03-24,572.9,USD,Paid,Paypal
80,62,2026-03-25,489.88,USD,Failed,Cash
82,85,2026-03-27,468.37,EUR,Refunded,Card
83,101,2026-03-28,73.15,EUR,Paid,Paypal
84,152,2026-03-01,337.62,EUR,Paid,Paypal
85,107,2026-03-02,375.41,EUR,Paid,Cash
86,102,2026-03-03,149.22,EUR,Paid,Cash
87,190,2026-03-04,116.87,EUR,Refunded,Card
88,142,2026-03-05,327.33,EUR,Failed,Cash
89,24,2026-03-06,617.69,EUR,Paid,Card
90,128,2026-03-07,679.83,EUR,Paid,Card
91,15,2026-03-08,680.04,EUR,Paid,Paypal
92,221,2026-03-09,167.87,USD,Paid,Card
93,105,2026-03-10,444.8,EUR,Refunded,Card
94,86,2026-03-11,698.83,EUR,Failed,Card
95,138,2026-03-12,419.39,EUR,Refunded,Cash
97,131,2026-03-14,534.52,USD,Paid,Cash
98,64,2026-03-15,548.04,USD,Failed,Cash
99,52,2026-03-16,643.56,USD,Failed,Card
100,169,2026-03-17,51.16,USD,Paid,Cash
101,206,2026-03-18,570.8,EUR,Failed,Cash
102,3,2026-03-19,168.21,EUR,Failed,Paypal
103,71,2026-03-20,63.44,USD,Paid,Card
104,182,2026-03-21,638.91,USD,Refunded,Card
105,187,2026-03-22,643.94,EUR,Paid,Cash
106,47,2026-03-23,171.05,EUR,Paid,Cash
107,36,2026-03-24,687.92,EUR,Paid,Card
109,57,2026-03-26,453.24,EUR,Paid,Paypal
111,120,2026-03-28,125.16,EUR,Paid,Card
112,107,2026-03-01,169.29,EUR,Paid,Card
113,176,2026-03-02,530.52,USD,Paid,Cash
114,11,2026-03-03,132.32,EUR,Refunded,Card
115,224,2026-03-04,670.54,USD,Refunded,Paypal
116,67,2026-03-05,639.79,EUR,Failed,Cash
117,205,2026-03-06,443.5,EUR,Refunded,Paypal
118,84,2026-03-07,784.28,EUR,Paid,Cash
119,168,2026-03-08,133.23,USD,Refunded,Paypal
121,30,2026-03-10,155.32,USD,Paid,Card
122,168,2026-03-11,664.51,EUR,Refunded,Paypal
123,90,2026-03-12,425.81,USD,Paid,Card
124,52,2026-03-13,602.79,EUR,Paid,Cash
125,52,2026-03-14,231.2,USD,Paid,Card
126,9,2026-03-15,381.66,EUR,Failed,Paypal
127,50,2026-03-16,483.05,EUR,Failed,Card
128,86,2026-03-17,528.66,EUR,Refunded,Cash
129,191,2026-03-18,365.2,EUR,Failed,Cash
130,186,2026-03-19,151.3,USD,Paid,Paypal
131,153,2026-03-20,369.44,EUR,Refunded,Cash
132,132,2026-03-21,374.5,EUR,Paid,Paypal
133,148,2026-03-22,86.81,EUR,Paid,Cash
134,44,2026-03-23,70.22,EUR,Failed,Paypal
136,39,2026-03-25,700.01,EUR,Failed,Cash
137,40,2026-03-26,84.27,EUR,Paid,Cash
138,120,2026-03-27,223.67,EUR,Failed,Card
139,94,2026-03-28,139.58,EUR,Failed,Card
140,62,2026-03-01,233.95,EUR,Refunded,Paypal
141,4,2026-03-02,698.51,EUR,Paid,Card
142,177,2026-03-03,755.22,EUR,Refunded,Paypal
143,216,2026-03-04,191.12,EUR,Refunded,Cash
145,170,2026-03-06,96.59,EUR,Paid,Paypal
146,211,2026-03-07,181.92,EUR,Paid,Card
147,11,2026-03-08,67.71,USD,Paid,Card
148,88,2026-03-09,498.42,EUR,Failed,Card
149,3,2026-03-10,650.34,EUR,Refunded,Cash
150,9,2026-03-11,752.84,EUR,Paid,Card
151,39,2026-03-12,633.0,EUR,Refunded,Cash
152,57,2026-03-13,618.44,EUR,Refunded,Paypal
153,203,2026-03-14,271.54,EUR,Paid,Cash
154,193,2026-03-15,39.81,USD,Paid,Paypal
155,217,2026-03-16,512.75,EUR,Paid,Cash
156,150,2026-03-17,631.43,EUR,Failed,Card
157,35,2026-03-18,644.64,EUR,Paid,Cash
158,191,2026-03-19,664.46,USD,Paid,Cash
159,99,2026-03-20,667.64,EUR,Paid,Paypal
160,18,2026-03-21,629.7,USD,Paid,Cash
161,51,2026-03-22,603.07,EUR,Refunded,Paypal
163,170,2026-03-24,712.73,EUR,Paid,Cash
164,104,2026-03-25,636.98,USD,Paid,Card
166,29,2026-03-27,13.55,EUR,Paid,Cash
167,38,2026-03-28,340.74,USD,Paid,Cash
169,23,2026-03-02,499.23,USD,Failed,Cash
170,170,2026-03-03,157.96,EUR,Paid,Paypal
171,175,2026-03-04,647.63,EUR,Refunded,Paypal
172,70,2026-03-05,42.8,EUR,Paid,Cash
173,58,2026-03-06,766.59,USD,Refunded,Cash
174,128,2026-03-07,712.99,EUR,Failed,Cash
175,101,2026-03-08,765.07,EUR,Refunded,Paypal
176,63,2026-03-09,17.16,EUR,Paid,Cash
177,174,2026-03-10,456.56,USD,Failed,Card
178,193,2026-03-11,787.77,EUR,Refunded,Cash
179,114,2026-03-12,536.38,EUR,Failed,Cash
180,170,2026-03-13,766.7,USD,Failed,Paypal
181,168,2026-03-14,509.22,EUR,Paid,Cash
182,225,2026-03-15,399.74,EUR,Paid,Paypal
183,80,2026-03-16,104.05,EUR,Paid,Paypal
184,84,2026-03-17,713.98,EUR,Paid,Cash
185,49,2026-03-18,118.22,USD,Refunded,Paypal
186,45,2026-03-19,735.22,EUR,Paid,Paypal
187,75,2026-03-20,475.76,USD,Refunded,Paypal
188,207,2026-03-21,30.39,EUR,Paid,Paypal
190,204,2026-03-23,266.12,EUR,Paid,Paypal
191,133,2026-03-24,284.32,EUR,Refunded,Card
193,178,2026-03-26,245.13,EUR,Failed,Card
194,159,2026-03-27,225.16,EUR,Refunded,Cash
195,175,2026-03-28,743.16,EUR,Paid,Cash
196,204,2026-03-01,295.82,USD,Paid,Cash
197,129,2026-03-02,220.81,EUR,Paid,Cash
198,39,2026-03-03,513.32,USD,Paid,Cash
199,193,2026-03-04,608.09,EUR,Paid,Card
200,136,2026-03-05,227.56,USD,Paid,Cash
201,116,2026-03-06,682.62,EUR,Failed,Card
202,155,2026-03-07,42.65,USD,Failed,Cash
203,225,2026-03-08,219.76,EUR,Paid,Paypal
204,79,2026-03-09,86.16,EUR,Paid,Card
205,101,2026-03-10,519.37,EUR,Paid,Paypal
206,128,2026-03-11,672.97,EUR,Paid,Cash
207,137,2026-03-12,286.28,EUR,Refunded,Paypal
208,55,2026-03-13,421.74,USD,Refunded,Cash
209,129,2026-03-14,548.71,EUR,Paid,Card
210,104,2026-03-15,683.03,EUR,Paid,Card
211,39,2026-03-16,463.24,USD,Refunded,Card
212,230,2026-03-17,540.52,EUR,Paid,Cash
213,34,2026-03-18,720.06,EUR,Failed,Paypal
214,183,2026-03-19,566.25,EUR,Failed,Card
215,58,2026-03-20,619.5,USD,Refunded,Cash
217,56,2026-03-22,418.64,EUR,Failed,Card
218,71,2026-03-23,371.61,EUR,Paid,Paypal
219,11,2026-03-24,56.69,EUR,Paid,Paypal
